{
    "frame_index": {
        "min": [
            0
        ],
        "max": [
            273
        ],
        "mean": [
            104.34383714445065
        ],
        "std": [
            63.25108881828454
        ],
        "count": [
            7172
        ]
    },
    "index": {
        "min": [
            0
        ],
        "max": [
            7171
        ],
        "mean": [
            3585.5
        ],
        "std": [
            2070.3780451888492
        ],
        "count": [
            7172
        ]
    },
    "action": {
        "min": [
            0.0006133307470008731,
            0.25269824266433716,
            -0.29635003209114075,
            0.9999864101409912,
            1.205227272293996e-05,
            0.005215161945670843,
            -1.21113380373572e-05,
            1.0,
            1.1293966963421553e-05,
            0.08885634690523148,
            -0.5223714113235474,
            -0.1563226282596588,
            -0.7690828442573547,
            0.639133870601654,
            -0.30218979716300964,
            -0.47918009757995605,
            -0.3866958022117615,
            -0.9999210238456726,
            3.0399627685546875,
            0.0
        ],
        "max": [
            0.0006133307470008731,
            0.25269824266433716,
            -0.29635003209114075,
            0.9999864101409912,
            1.205227272293996e-05,
            0.005215161945670843,
            -1.21113380373572e-05,
            1.0,
            1.1293966963421553e-05,
            0.37232962250709534,
            -0.08687339723110199,
            0.021468350663781166,
            0.3218521177768707,
            0.9999572038650513,
            0.126609668135643,
            0.24344494938850403,
            0.053904272615909576,
            -0.8684248328208923,
            4.035547256469727,
            62.28146743774414
        ],
        "mean": [
            0.0006133314280840711,
            0.25269794138330226,
            -0.2963495017660442,
            0.9999851115625529,
            1.2052251167078571e-05,
            0.00521516694653025,
            -1.2111362859131383e-05,
            1.0,
            1.1293939859541032e-05,
            0.250234571386833,
            -0.3164599844183393,
            -0.0869911283501868,
            -0.18789804726839066,
            0.924102909626139,
            -0.0848908669839115,
            -0.20047211095693843,
            -0.11806074696412748,
            -0.9622657916696126,
            3.6236809305950577,
            19.540105835658775
        ],
        "std": [
            6.851091733587472e-10,
            3.5194215314174063e-07,
            5.683112452583136e-07,
            1.3425985338316556e-06,
            2.1586986737638384e-11,
            5.009210319997229e-09,
            2.5252185815905034e-11,
            0.0,
            2.7576668280990255e-11,
            0.05338184052922128,
            0.1207057652604184,
            0.02870303344435835,
            0.2996959890681586,
            0.09944452614241035,
            0.061763809742479706,
            0.1125579134568981,
            0.08148607756216311,
            0.02465492022390478,
            0.4903119026462078,
            24.966712864970095
        ],
        "count": [
            7172
        ]
    },
    "observation.state": {
        "min": [
            -0.0003936047141905874,
            0.2519226372241974,
            -0.2964058220386505,
            0.9999687671661377,
            0.0012796258088201284,
            0.005427652038633823,
            -0.0016963959205895662,
            0.9999932646751404,
            0.0011422549141570926,
            0.08973541110754013,
            -0.5235734581947327,
            -0.15515775978565216,
            -0.7713659405708313,
            0.6363467574119568,
            -0.2839188277721405,
            -0.4768957495689392,
            -0.3619997501373291,
            -0.9999727606773376,
            3.0399627685546875,
            0.0
        ],
        "max": [
            0.0006336900405585766,
            0.25315630435943604,
            -0.2963978946208954,
            0.9999844431877136,
            0.0016828997759148479,
            0.007722154259681702,
            -0.0012977159349247813,
            0.9999984502792358,
            0.0034312501084059477,
            0.37533581256866455,
            -0.08646181970834732,
            0.015174280852079391,
            0.32262930274009705,
            0.999923586845398,
            0.12950554490089417,
            0.2481643259525299,
            0.0582234226167202,
            -0.8702260851860046,
            4.035547256469727,
            62.28146743774414
        ],
        "mean": [
            0.00030895591625405594,
            0.2523349196765919,
            -0.29639953140499736,
            0.9999735556912701,
            0.001324994383475001,
            0.006968790298622315,
            -0.0013383070096047362,
            0.9999990115701587,
            0.0019059991507195725,
            0.2501547767054051,
            -0.3164657659234445,
            -0.08700243118013906,
            -0.18691197271852006,
            0.9243559846815554,
            -0.08244038146296677,
            -0.2022970744148437,
            -0.11609609194444799,
            -0.9621652709875969,
            3.6236809305950577,
            19.540105835658775
        ],
        "std": [
            0.00026350690252540846,
            1.998078325011114e-05,
            2.668450168541245e-06,
            4.201059426723514e-06,
            0.00010023364032364534,
            0.00043947882071234746,
            0.0001002437498273596,
            1.7580122357854388e-06,
            3.718145578751418e-05,
            0.05336584658481089,
            0.12086053076305187,
            0.029040177825688747,
            0.3003447460675931,
            0.0991547534223045,
            0.06160269372198353,
            0.11299848637973098,
            0.08033023952571397,
            0.024777456370824274,
            0.4903119026462078,
            24.966712864970095
        ],
        "count": [
            7172
        ]
    },
    "episode_index": {
        "min": [
            0
        ],
        "max": [
            34
        ],
        "mean": [
            17.45287228109314
        ],
        "std": [
            10.008355898455925
        ],
        "count": [
            7172
        ]
    },
    "task_index": {
        "min": [
            0
        ],
        "max": [
            0
        ],
        "mean": [
            0.0
        ],
        "std": [
            0.0
        ],
        "count": [
            7172
        ]
    },
    "observation.images.cam_head": {
        "min": [
            [
                [
                    0.0
                ]
            ],
            [
                [
                    0.0
                ]
            ],
            [
                [
                    0.0
                ]
            ]
        ],
        "max": [
            [
                [
                    1.0
                ]
            ],
            [
                [
                    0.996078431372549
                ]
            ],
            [
                [
                    1.0
                ]
            ]
        ],
        "mean": [
            [
                [
                    0.49350468253968255
                ]
            ],
            [
                [
                    0.5071228716153128
                ]
            ],
            [
                [
                    0.4836627814542485
                ]
            ]
        ],