{
  "Move to the orange small cube": 0.1805768550537891,
  "Grasp and lift the orange cube": 0.18027913602165088,
  "Move to the packaging box and release the cube": 0.3333896875441113,
  "Return to home position": 0.3057543213804487
}